artifact_id,source_version_id,file_name,mime_type,raw_storage_path,download_url,file_size_bytes,checksum_sha256,retrieved_at
"ART-SRC-CEA-V21","VER-SRC-CEA-V21","cea_baseline_v22.xlsx","application/vnd.openxmlformats-officedocument.spreadsheetml.sheet","data/raw/cea/cea_baseline_v22.xlsx","https://cea.nic.in/cdm-co2-baseline-database/?lang=en",1009854,"f2341efe03d2fce4177a4a7090b8a946a5ac5ae32b41d784882d0226f2eb4860","2026-09-12T02:08:48.558Z"
"ART-SRC-DESNZ-2026","VER-SRC-DESNZ-2026","desnz_ghg_conversion_factors_2026_flat.xlsx","application/vnd.openxmlformats-officedocument.spreadsheetml.sheet","data/raw/desnz/desnz_ghg_conversion_factors_2026_flat.xlsx","https://www.gov.uk/government/publications/greenhouse-gas-reporting-conversion-factors-2026",515426,"a9a455ab396dae226d510c7be6233748416d490c41a5d20f3dc7a0c45feecd5e","2026-09-12T02:08:48.560Z"
"ART-SRC-IPCC-2019","VER-SRC-IPCC-2019","ipcc_emission_factors_waste_energy.csv","application/json","data/raw/ipcc/ipcc_emission_factors_waste_energy.csv","https://www.ipcc-nggip.iges.or.jp/public/2019rf/",2199,"11da7c242c452d4133c0234c2c4c047ed770af8c7e7f88c123e5c96d7973fab1","2026-09-12T02:08:48.560Z"
"ART-SRC-GHGP-CORP","VER-SRC-GHGP-CORP","ghg_protocol_corporate_standard.pdf","application/pdf","data/raw/ghg_protocol/ghg_protocol_corporate_standard.pdf","https://ghgprotocol.org/corporate-standard",3680902,"cfcda4dd20a0b0936b30e5e5c7c635c26efdfa770d29c1004f549bf082c0fe3c","2026-09-12T02:08:48.571Z"
"ART-SRC-WORLDSTEEL-2026","VER-SRC-WORLDSTEEL-2026","worldsteel_lci_methodology_reference.json","application/json","data/raw/worldsteel/worldsteel_lci_methodology_reference.json","https://worldsteel.org/wider-sustainability/life-cycle-thinking/life-cycle-inventory-data-and-eco-profiles/",655,"99cfabb61b35a36561a98c130017a16c2be4b790ed750a93dcb1ca95f6d78daf","2026-09-12T02:08:48.572Z"
"ART-SRC-WORLDSTEEL-2025","VER-SRC-WORLDSTEEL-2025","worldsteel_lci_methodology_reference.json","application/json","data/raw/worldsteel/worldsteel_lci_methodology_reference.json","https://worldsteel.org/wider-sustainability/life-cycle-thinking/life-cycle-inventory-data-and-eco-profiles/",655,"99cfabb61b35a36561a98c130017a16c2be4b790ed750a93dcb1ca95f6d78daf","2026-09-12T02:08:48.573Z"
"ART-SRC-IAI-2022","VER-SRC-IAI-2022","iai_aluminium_lci_summary_reference.json","application/json","data/raw/iai/iai_aluminium_lci_summary_reference.json","https://international-aluminium.org/",708,"86b9eaf43c6bd62b6109a47acafa65a266503dcc9df7ab51d5cbeabe4cedcdb3","2026-09-12T02:08:48.574Z"
"ART-SRC-IAI-2024","VER-SRC-IAI-2024","iai_aluminium_lci_summary_reference.json","application/json","data/raw/iai/iai_aluminium_lci_summary_reference.json","https://international-aluminium.org/",708,"86b9eaf43c6bd62b6109a47acafa65a266503dcc9df7ab51d5cbeabe4cedcdb3","2026-09-12T02:08:48.575Z"
"ART-SRC-TEXTILE-2026","VER-SRC-TEXTILE-2026","textile_exchange_cotton_lca_2026_reference.json","application/json","data/raw/textile_exchange/textile_exchange_cotton_lca_2026_reference.json","https://textileexchange.org/knowledge-center/reports/cotton-life-cycle-assessment/",651,"e024abd06a60f388c7006599b71faf56d7813b64b044353f077b289321fd8b14","2026-09-12T02:08:48.576Z"
"ART-SRC-PLASTICSEUROPE-2024","VER-SRC-PLASTICSEUROPE-2024","plasticseurope_pet_ecoprofile_reference.json","application/json","data/raw/plasticseurope/plasticseurope_pet_ecoprofile_reference.json","https://plasticseurope.org/sustainability/circularity/life-cycle-thinking/eco-profiles-set/",667,"dab0e7bd7aee498681f16b3a6e2d5d95ed0f025543ef4a8d8a50dba8f93258fb","2026-09-12T02:08:48.576Z"
"ART-SRC-GCCA-2023","VER-SRC-GCCA-2023","gcca_epd_tool_ebook_2023.pdf","application/pdf","data/raw/gcca/gcca_epd_tool_ebook_2023.pdf","https://gccassociation.org/sustainability-innovation/environmental-product-declarations/",8309292,"0a8ef1630fa561f57c3e32455f32e554c947deee88212f49761722509581104d","2026-09-12T02:08:48.601Z"
"ART-SRC-CEPI-2020","VER-SRC-CEPI-2020","cepi_carbon_footprint_framework_reference.json","application/json","data/raw/cepi/cepi_carbon_footprint_framework_reference.json","https://www.cepi.org/",672,"488c63d62daab596f4b29331e2f1014c1776070a8a10abcb256a25d7b276877e","2026-09-12T02:08:48.602Z"
"ART-SRC-CEPI-2024","VER-SRC-CEPI-2024","cepi_carbon_footprint_framework_reference.json","application/json","data/raw/cepi/cepi_carbon_footprint_framework_reference.json","https://www.cepi.org/",672,"488c63d62daab596f4b29331e2f1014c1776070a8a10abcb256a25d7b276877e","2026-09-12T02:08:48.604Z"
"ART-SRC-FEVE-2020","VER-SRC-FEVE-2020","feve_glass_lca_summary_reference.json","application/json","data/raw/feve/feve_glass_lca_summary_reference.json","https://feve.org/glass-industry-positions/life-cycle-assessment/",609,"b393f87629eab14f29e6724196de2f35018c25782a650634d0359185dab1dadd","2026-09-12T02:08:48.605Z"
"ART-SRC-FEVE-2024","VER-SRC-FEVE-2024","feve_glass_lca_summary_reference.json","application/json","data/raw/feve/feve_glass_lca_summary_reference.json","https://feve.org/glass-industry-positions/life-cycle-assessment/",609,"b393f87629eab14f29e6724196de2f35018c25782a650634d0359185dab1dadd","2026-09-12T02:08:48.606Z"
"ART-SRC-BEE-MAPPING","VER-SRC-BEE-MAPPING","bee_msme_55_clusters_study.pdf","application/pdf","data/raw/bee/bee_msme_55_clusters_study.pdf","https://beeindia.gov.in/",347137,"bf0ee098dbba2438cfd056f5a7fe90187d92d61195dd59b01b4226ff09084663","2026-09-12T02:08:48.607Z"
"ART-SRC-BEE-MSME-2024","VER-SRC-BEE-MSME-2024","bee_msme_55_clusters_study.pdf","application/pdf","data/raw/bee/bee_msme_55_clusters_study.pdf","https://beeindia.gov.in/",347137,"bf0ee098dbba2438cfd056f5a7fe90187d92d61195dd59b01b4226ff09084663","2026-09-12T02:08:48.609Z"
"ART-SRC-BEE-SIDHIEE-ADEETIE","VER-SRC-BEE-SIDHIEE-ADEETIE","adeetie_energy_efficient_technologies_reference.json","application/json","data/raw/sidhiee_adeetie/adeetie_energy_efficient_technologies_reference.json","https://sidhiee.beeindia.gov.in/",680,"c1580139e6368f3d6608e2046c8c7c395167a073ec98b6049ce2f563d372b638","2026-09-12T02:08:48.610Z"
"ART-SRC-SIDHIEE-2025","VER-SRC-SIDHIEE-2025","adeetie_energy_efficient_technologies_reference.json","application/json","data/raw/sidhiee_adeetie/adeetie_energy_efficient_technologies_reference.json","https://sidhiee.beeindia.gov.in/",680,"c1580139e6368f3d6608e2046c8c7c395167a073ec98b6049ce2f563d372b638","2026-09-12T02:08:48.611Z"
"ART-SRC-BIS-STANDARDS","VER-SRC-BIS-STANDARDS","is_1489_part_1_ppc_specification.pdf","application/pdf","data/raw/bis/is_1489_part_1_ppc_specification.pdf","https://www.bis.gov.in/",518566,"c18fa76579355947f02dcb628ce687c6d6a98a3288ae550b3a5fc6b9cb7b6091","2026-09-12T02:08:48.614Z"
"ART-SRC-IEC-60034","VER-SRC-IEC-60034","iec_60034_30_1_2025_preview.pdf","application/pdf","data/raw/iec/iec_60034_30_1_2025_preview.pdf","https://webstore.iec.ch/",451599,"4f3733bc97a2ff60183662cbe4f12bed7417e30f26c5f5e4b0627ead91886a76","2026-09-12T02:08:48.616Z"
"ART-SRC-IEC-BIS-MOTORS","VER-SRC-IEC-BIS-MOTORS","iec_60034_30_1_2025_preview.pdf","application/pdf","data/raw/iec/iec_60034_30_1_2025_preview.pdf","https://www.bis.gov.in/",451599,"4f3733bc97a2ff60183662cbe4f12bed7417e30f26c5f5e4b0627ead91886a76","2026-09-12T02:08:48.619Z"
"ART-SRC-SFC-INDIA-2026","VER-SRC-SFC-INDIA-2026","sfc_india_default_freight_factors_v1_reference.json","application/json","data/raw/sfc/sfc_india_default_freight_factors_v1_reference.json","https://smartfreightcentre.org/",700,"b56672bbb8f2efaa9700568136796cd47bd33b0d9076bf879e36ec384460d447","2026-09-12T02:08:48.620Z"
"ART-SRC-GLEC-INDIA-2024","VER-SRC-GLEC-INDIA-2024","sfc_india_default_freight_factors_v1_reference.json","application/json","data/raw/sfc/sfc_india_default_freight_factors_v1_reference.json","https://smartfreightcentre.org/",700,"b56672bbb8f2efaa9700568136796cd47bd33b0d9076bf879e36ec384460d447","2026-09-12T02:08:48.621Z"
"ART-SRC-SEBI-BRSR-2025","VER-SRC-SEBI-BRSR-2025","sebi_brsr_value_chain_circular_2025_reference.json","application/json","data/raw/sebi/sebi_brsr_value_chain_circular_2025_reference.json","https://www.sebi.gov.in/",892,"78115158d76e0af1ceea20f64774660dca440736d934de26b28bc0f22cf05374","2026-09-12T02:08:48.623Z"
"ART-SRC-EU-CBAM-2026","VER-SRC-EU-CBAM-2026","cbam_importers_guidance_reference.json","application/json","data/raw/cbam/cbam_importers_guidance_reference.json","https://taxation-customs.ec.europa.eu/carbon-border-adjustment-mechanism_en",840,"79c46bae89caa7963992d41cd2e6c79cd057f9255861bbc581ef3c320631b726","2026-09-12T02:08:48.623Z"
"ART-SRC-CPCB-RULES","VER-SRC-CPCB-RULES","cpcb_hazardous_waste_rules_2016.pdf","application/pdf","data/raw/cpcb/cpcb_hazardous_waste_rules_2016.pdf","https://cpcb.nic.in/waste-management-rules/",146,"6b141bbabfa217b41a4486eee384fda5ea0c4ed65ec614d68cd2eef2fad77918","2026-09-12T02:08:48.624Z"
"ART-SRC-MOEFCC-ASH","VER-SRC-MOEFCC-ASH","moefcc_fly_ash_notification_reference.json","application/json","data/raw/moefcc/moefcc_fly_ash_notification_reference.json","https://moef.gov.in/en/division/environment-divisions/fly-ash-management/",656,"6ea8dbc19c44e90e6f4cbc5692021cc6e197afb4ec79cf1e26f2f56109ce9ec2","2026-09-12T02:08:48.625Z"
"ART-SRC-BEE-AUDITORS-ESCO","VER-SRC-BEE-AUDITORS-ESCO","bee_msme_55_clusters_study.pdf","application/pdf","data/raw/bee/bee_msme_55_clusters_study.pdf","https://beeindia.gov.in/",347137,"bf0ee098dbba2438cfd056f5a7fe90187d92d61195dd59b01b4226ff09084663","2026-09-12T02:08:48.627Z"
"ART-SRC-BEE-CCTS-2025","VER-SRC-BEE-CCTS-2025","bee_msme_55_clusters_study.pdf","application/pdf","data/raw/bee/bee_msme_55_clusters_study.pdf","https://beeindia.gov.in/",347137,"bf0ee098dbba2438cfd056f5a7fe90187d92d61195dd59b01b4226ff09084663","2026-09-12T02:08:48.629Z"
"ART-SRC-BEE-MSME-2024","VER-SRC-BEE-MSME-2024","bee_msme_55_clusters_study.pdf","application/pdf","data/raw/bee/bee_msme_55_clusters_study.pdf","https://beeindia.gov.in/",347137,"bf0ee098dbba2438cfd056f5a7fe90187d92d61195dd59b01b4226ff09084663","2026-09-12T02:08:48.631Z"
"ART-SRC-SIDHIEE-2025","VER-SRC-SIDHIEE-2025","adeetie_energy_efficient_technologies_reference.json","application/json","data/raw/sidhiee_adeetie/adeetie_energy_efficient_technologies_reference.json","https://sidhiee.beeindia.gov.in/",680,"c1580139e6368f3d6608e2046c8c7c395167a073ec98b6049ce2f563d372b638","2026-09-12T02:08:48.632Z"
"ART-SRC-IEC-BIS-MOTORS","VER-SRC-IEC-BIS-MOTORS","iec_60034_30_1_2025_preview.pdf","application/pdf","data/raw/iec/iec_60034_30_1_2025_preview.pdf","https://www.bis.gov.in/",451599,"4f3733bc97a2ff60183662cbe4f12bed7417e30f26c5f5e4b0627ead91886a76","2026-09-12T02:08:48.635Z"
"ART-SRC-GLEC-INDIA-2024","VER-SRC-GLEC-INDIA-2024","sfc_india_default_freight_factors_v1_reference.json","application/json","data/raw/sfc/sfc_india_default_freight_factors_v1_reference.json","https://smartfreightcentre.org/",700,"b56672bbb8f2efaa9700568136796cd47bd33b0d9076bf879e36ec384460d447","2026-09-12T02:08:48.636Z"
"ART-SRC-SEBI-BRSR-2025","VER-SRC-SEBI-BRSR-2025","sebi_brsr_value_chain_circular_2025_reference.json","application/json","data/raw/sebi/sebi_brsr_value_chain_circular_2025_reference.json","https://www.sebi.gov.in/",892,"78115158d76e0af1ceea20f64774660dca440736d934de26b28bc0f22cf05374","2026-09-12T02:08:48.637Z"
"ART-SRC-EU-CBAM-2026","VER-SRC-EU-CBAM-2026","cbam_importers_guidance_reference.json","application/json","data/raw/cbam/cbam_importers_guidance_reference.json","https://taxation-customs.ec.europa.eu/carbon-border-adjustment-mechanism_en",840,"79c46bae89caa7963992d41cd2e6c79cd057f9255861bbc581ef3c320631b726","2026-09-12T02:08:48.638Z"
"ART-SRC-CPCB-RULES","VER-SRC-CPCB-RULES","cpcb_hazardous_waste_rules_2016.pdf","application/pdf","data/raw/cpcb/cpcb_hazardous_waste_rules_2016.pdf","https://cpcb.nic.in/waste-management-rules/",146,"6b141bbabfa217b41a4486eee384fda5ea0c4ed65ec614d68cd2eef2fad77918","2026-09-12T02:08:48.639Z"
"ART-SRC-MOEFCC-ASH","VER-SRC-MOEFCC-ASH","moefcc_fly_ash_notification_reference.json","application/json","data/raw/moefcc/moefcc_fly_ash_notification_reference.json","https://moef.gov.in/en/division/environment-divisions/fly-ash-management/",656,"6ea8dbc19c44e90e6f4cbc5692021cc6e197afb4ec79cf1e26f2f56109ce9ec2","2026-09-12T02:08:48.640Z"
"ART-SRC-BEE-AUDITORS-ESCO","VER-SRC-BEE-AUDITORS-ESCO","bee_msme_55_clusters_study.pdf","application/pdf","data/raw/bee/bee_msme_55_clusters_study.pdf","https://beeindia.gov.in/",347137,"bf0ee098dbba2438cfd056f5a7fe90187d92d61195dd59b01b4226ff09084663","2026-09-12T02:08:48.641Z"
"ART-SRC-BEE-CCTS-2025","VER-SRC-BEE-CCTS-2025","bee_msme_55_clusters_study.pdf","application/pdf","data/raw/bee/bee_msme_55_clusters_study.pdf","https://beeindia.gov.in/",347137,"bf0ee098dbba2438cfd056f5a7fe90187d92d61195dd59b01b4226ff09084663","2026-09-12T02:08:48.643Z"