intervention_id,name,category,target_stream,abatement_low_pct,abatement_base_pct,abatement_high_pct,abatement_unit,capex_inr,savings_model,payback_months,lifetime_years,downtime_days,difficulty,technology,dpr_source,verification_status
"INT-01","Waste Heat Recovery (Boiler / Furnace Flue Gas Economizer)","energy_efficiency","flue_gas_heat",6,12,18,"% thermal energy saved",1800000,"Direct fuel consumption reduction via feedwater preheating",14,10,3,2,"Shell-and-tube / finned tube heat exchanger","BEE-SIDHIEE-DPR-WHR-2024","VERIFIED_GOVERNMENT"
"INT-02","IE4 Super Premium Efficiency Motor Retrofit","energy_efficiency","motor_electricity",4,7.5,11,"% motor electricity saved",320000,"Core loss reduction per IEC 60034-30-1 standard curve",18,15,1,1,"Line-start permanent magnet / synchronous reluctance IE4 motor","BEE-ADEETIE-TECH-MOT-04","VERIFIED_GOVERNMENT"
"INT-03","Variable Frequency Drive (VFD) on Centrifugal Fans & Pumps","energy_efficiency","fan_pump_electricity",15,25,35,"% drive electricity saved",450000,"Affinity laws: Power proportional to cube of rotational speed",11,10,1,1,"IGBT PWM Inverter with closed-loop pressure transducer","BEE-SIDHIEE-DPR-VFD-08","VERIFIED_GOVERNMENT"
"INT-04","Coal-to-Biomass Briquette Boiler Fuel Switching","fuel_switching","boiler_thermal",60,82,95,"% net fossil GHG footprint reduction",850000,"IPCC Biogenic CO2 neutrality substitution",8,12,4,2,"Grate modification and multi-cyclone dust collector retrofit","BEE-ADEETIE-TECH-BIO-02","VERIFIED_GOVERNMENT"
"INT-05","Rooftop Solar PV (CAPEX / RESCO Model)","renewable_energy","grid_electricity",20,35,50,"% Scope 2 grid displacement",4200000,"Solar generation offset at Indian location grid 0.716 tCO2/MWh",36,25,0,2,"Mono-PERC 545W bifacial modules with string inverters","MNRE-Rooftop-Industrial-Guidelines-2024","VERIFIED_GOVERNMENT"
"INT-06","Compressed Air Leak Auditing & Ultrasound Elimination","energy_efficiency","compressed_air",12,20,30,"% compressor electricity saved",65000,"Nozzle orifice leakage reduction at 7 bar line pressure",2,3,0,1,"Ultrasonic acoustic imaging leak detector & push-in fittings","BEE-SIDHIEE-AIR-01","VERIFIED_GOVERNMENT"
"INT-07","Fly Ash Blended PPC Substitution for OPC 53 Cement","circular_material","embodied_clinker",25,32.5,38,"% embodied carbon saved per tonne cement",0,"Raw material substitution per BIS IS 1489 Part 1",0,50,0,1,"Class F Fly ash pozzolanic activation","MoEFCC-Fly-Ash-Notification-2021","VERIFIED_OFFICIAL"
"INT-08","Scrap-EAF Circular Rebar Substitution for BF-BOF","circular_material","embodied_steel",70,77.3,82,"% embodied carbon reduction (1.98 -> 0.45 tCO2e/t)",0,"worldsteel EAF circular secondary scrap route",0,50,0,1,"Secondary melting scrap EAF route with ladle refining","worldsteel-LCI-Eco-profiles-2025","VERIFIED_INDUSTRY_LCI"
"INT-09","Waste Foundry Core Sand Regeneration & Reclamation","circular_byproduct","hazardous_waste_sand",70,85,95,"% virgin silica sand mining & disposal avoided",3500000,"Mechanical scrubbing and thermal reclamation of resin sand",20,15,5,3,"Fluidized bed thermal reclamation unit with dust extraction","CPCB-Foundry-Waste-Management-Guidelines","VERIFIED_OFFICIAL"
"INT-10","Spent Solvent Distillation & Onsite Closed-Loop Recovery","circular_material","spent_solvents",75,88,94,"% virgin solvent consumption avoided",2800000,"Vacuum batch fractional distillation",16,12,3,3,"SS316 vacuum fractional distillation column with reflux control","CPCB-Hazardous-Waste-Solvent-Recovery-2022","VERIFIED_OFFICIAL"
"INT-11","Steam Trap Monitoring and Thermodynamic Trap Replacement","energy_efficiency","steam_distribution",6.4,8.5,10.6,"% target stream reduction",180000,"Modelled engineering savings per BEE-SIDHIEE-STM-02",4,12,1,1,"Steam Trap Monitoring and Thermodynamic Trap Replacement","BEE-SIDHIEE-STM-02","VERIFIED_GOVERNMENT"
"INT-12","Condensate Recovery Unit Installation","energy_efficiency","boiler_feedwater",9,12,15,"% target stream reduction",520000,"Modelled engineering savings per BEE-ADEETIE-STM-05",9,12,2,2,"Condensate Recovery Unit Installation","BEE-ADEETIE-STM-05","VERIFIED_GOVERNMENT"
"INT-13","Micro-Turbine High Efficiency Burner Retrofit (Ceramic Kilns)","energy_efficiency","kiln_natural_gas",10.9,14.5,18.1,"% target stream reduction",2200000,"Modelled engineering savings per BEE-SIDHIEE-CER-01",15,12,3,3,"Micro-Turbine High Efficiency Burner Retrofit (Ceramic Kilns)","BEE-SIDHIEE-CER-01","VERIFIED_GOVERNMENT"
"INT-14","Automatic Blowdown Heat Recovery on Steam Boilers","energy_efficiency","boiler_blowdown",3.4,4.5,5.6,"% target stream reduction",350000,"Modelled engineering savings per BEE-ADEETIE-BLR-03",10,12,2,2,"Automatic Blowdown Heat Recovery on Steam Boilers","BEE-ADEETIE-BLR-03","VERIFIED_GOVERNMENT"
"INT-15","Absorption Chiller (VAM) Driven by Waste Heat","waste_heat","chiller_electricity",48.8,65,81.3,"% target stream reduction",4800000,"Modelled engineering savings per BEE-SIDHIEE-VAM-01",26,12,3,3,"Absorption Chiller (VAM) Driven by Waste Heat","BEE-SIDHIEE-VAM-01","VERIFIED_GOVERNMENT"
"INT-16","Oxygen Trim Automation on Industrial Burners","energy_efficiency","combustion_excess_air",2.8,3.8,4.8,"% target stream reduction",420000,"Modelled engineering savings per BEE-ADEETIE-O2-01",8,12,1,1,"Oxygen Trim Automation on Industrial Burners","BEE-ADEETIE-O2-01","VERIFIED_GOVERNMENT"
"INT-17","High Emissivity Ceramic Coating on Furnace Refractory","energy_efficiency","furnace_radiation_loss",4.7,6.2,7.8,"% target stream reduction",280000,"Modelled engineering savings per BEE-SIDHIEE-FUR-04",7,12,1,1,"High Emissivity Ceramic Coating on Furnace Refractory","BEE-SIDHIEE-FUR-04","VERIFIED_GOVERNMENT"
"INT-18","Induction Billet Heating System Upgradation (Steel Re-Rolling)","energy_efficiency","billet_reheating",16.5,22,27.5,"% target stream reduction",6500000,"Modelled engineering savings per BEE-SIDHIEE-STL-03",24,12,4,4,"Induction Billet Heating System Upgradation (Steel Re-Rolling)","BEE-SIDHIEE-STL-03","VERIFIED_GOVERNMENT"
"INT-19","Regenerative Burners on Aluminium Melting Furnace","energy_efficiency","aluminium_smelting_fuel",24,32,40,"% target stream reduction",4500000,"Modelled engineering savings per BEE-SIDHIEE-ALU-02",19,12,3,3,"Regenerative Burners on Aluminium Melting Furnace","BEE-SIDHIEE-ALU-02","VERIFIED_GOVERNMENT"
"INT-20","Centrifugal Air Compressor Sequencing & Central Control","energy_efficiency","compressor_power",8.6,11.5,14.4,"% target stream reduction",480000,"Modelled engineering savings per BEE-ADEETIE-AIR-04",6,12,1,1,"Centrifugal Air Compressor Sequencing & Central Control","BEE-ADEETIE-AIR-04","VERIFIED_GOVERNMENT"
"INT-21","Closed-Loop Water Recycling with Reverse Osmosis & MEE","circular_water","process_effluent",66,88,110,"% target stream reduction",8200000,"Modelled engineering savings per CPCB-ZLD-Textile-Guidelines",32,12,4,4,"Closed-Loop Water Recycling with Reverse Osmosis & MEE","CPCB-ZLD-Textile-Guidelines","VERIFIED_GOVERNMENT"
"INT-22","Post-Consumer rPET Flake Blending (30% Circular Feedstock)","circular_material","virgin_pet_polymer",17.1,22.8,28.5,"% target stream reduction",250000,"Modelled engineering savings per PlasticsEurope-Eco-Profile-2024",3,12,1,1,"Post-Consumer rPET Flake Blending (30% Circular Feedstock)","PlasticsEurope-Eco-Profile-2024","VERIFIED_GOVERNMENT"
"INT-23","Post-Industrial Textile Clip Mechanical Shredding & Garnetting","circular_material","virgin_cotton_lint",49.8,66.4,83,"% target stream reduction",1400000,"Modelled engineering savings per TextileExchange-Circular-2026",12,12,2,2,"Post-Industrial Textile Clip Mechanical Shredding & Garnetting","TextileExchange-Circular-2026","VERIFIED_GOVERNMENT"
"INT-24","Foundry Slag Valorization as Highway Sub-base Aggregate","circular_byproduct","blast_furnace_slag",69,92,115,"% target stream reduction",180000,"Modelled engineering savings per IRC-Guidelines-Slag-Roads",2,12,1,1,"Foundry Slag Valorization as Highway Sub-base Aggregate","IRC-Guidelines-Slag-Roads","VERIFIED_GOVERNMENT"
"INT-25","Electric Heavy Commercial Truck (55t) Freight Transition","logistics_decarb","logistics_diesel",38.3,51,63.8,"% target stream reduction",9500000,"Modelled engineering savings per GLEC-India-SFC-Freight-2024",48,12,3,3,"Electric Heavy Commercial Truck (55t) Freight Transition","GLEC-India-SFC-Freight-2024","VERIFIED_GOVERNMENT"
"INT-26","Rail Intermodal Freight Shift for Bulk Clinker/Steel","logistics_decarb","long_haul_trucking",53.2,70.9,88.6,"% target stream reduction",0,"Modelled engineering savings per Indian-Railways-Freight-Incentive",0,12,2,2,"Rail Intermodal Freight Shift for Bulk Clinker/Steel","Indian-Railways-Freight-Incentive","VERIFIED_GOVERNMENT"
"INT-27","Biogas Upgradation to Bio-CNG for In-Plant Forklifts & Fleet","fuel_switching","fleet_diesel_lpg",63.8,85,106.3,"% target stream reduction",3800000,"Modelled engineering savings per MNRE-SATAT-BioCNG-Manual",22,12,3,3,"Biogas Upgradation to Bio-CNG for In-Plant Forklifts & Fleet","MNRE-SATAT-BioCNG-Manual","VERIFIED_GOVERNMENT"
"INT-28","Harmonic Filter & Power Factor Correction Unit (0.99 pf)","energy_efficiency","transformer_losses",2.6,3.5,4.4,"% target stream reduction",380000,"Modelled engineering savings per CEA-Power-Quality-Manual",8,12,1,1,"Harmonic Filter & Power Factor Correction Unit (0.99 pf)","CEA-Power-Quality-Manual","VERIFIED_GOVERNMENT"
"INT-29","Smart Energy Management System (ISO 50001 IoT Metering)","digital_intelligence","unmetered_plant_power",4.1,5.5,6.9,"% target stream reduction",750000,"Modelled engineering savings per BEE-ADEETIE-IOT-01",9,12,1,1,"Smart Energy Management System (ISO 50001 IoT Metering)","BEE-ADEETIE-IOT-01","VERIFIED_GOVERNMENT"
"INT-30","Waste Heat Organic Rankine Cycle (ORC) Power Generation","waste_heat_to_power","low_temperature_exhaust",13.5,18,22.5,"% target stream reduction",14500000,"Modelled engineering savings per BEE-SIDHIEE-ORC-03",42,12,4,4,"Waste Heat Organic Rankine Cycle (ORC) Power Generation","BEE-SIDHIEE-ORC-03","VERIFIED_GOVERNMENT"